id, icao, country
AAL,american,united states
AAY,allegiant,united states
ACA,air canada,canada
AIJ,abc aerolineas,mexico
AMX,aeromexico,mexico
ANA,all nippon,japan
ASA,alaska,united states
ASH,air shuttle,united states
ATN,air transport,united states
AWI,air wisconsin,united states
BAW,british airways,united kingdom
DAL,delta,united states
DLH,lufthansa,germany
EDV,endeavor,united states
ENY,envoy,united states
FDX,fedex,united states
FFT,frontier,united states
GEC,luftansa cargo,germany
HAL,hawaiian,united states
JBU,jetblue,united states
JIA,psa airlines,united states
KLM,klm royal,netherlands
NKS,spirit,united states
PDT,piedmont,united states
POE,porter,canada
QTR,qatar airways,qatar
QXE,horizon air,united states
ROU,air canada rouge,canada
RPA,republic airlines,united states
SCX,sun country,united states
SWA,southwest,united states
SWG,sunwing,canada
TSC,air transat,canada
UAE,emirated,united arab emirates
UAL,united,united states
UCA,commutair,united states
UPS,ups,united states
VIV,aeroenlaces,mexico
VOI,volaris,mexico
WJA,westjet,canada